Residence Time (min),Tyrosine ratio,k1,k2,area,area_k1-,area_k1+,area_k2-,area_k2+,Sens_area_k1,Sens_area_k2
3.7,0.21,0.041735259,0.023014213,4.435891965,4.441129607,4.430679801,4.436950485,4.434843097,-12.5191585,-4.57844824
3.4,0.83,0.040080259,0.096418805,0.51024448,0.513584436,0.506940017,0.510604308,0.509886625,-8.28889235,-0.372169622
8.2,0.4,0.015728181,0.046282225,5.292284709,5.313042328,5.271715667,5.297576632,5.287069098,-131.3777496,-11.35158693
9.1,0.69,0.071192146,0.092014155,0.153776987,0.157323252,0.150343611,0.154730468,0.152862259,-4.901974023,-1.015174787
5.9,0.24,0.023172824,0.095303387,5.98495189,5.997748175,5.972245572,5.98765298,5.982316085,-55.02696391,-2.79995032
9.8,0.48,0.059388332,0.085329125,1.077850751,1.090763766,1.06481301,1.083347646,1.072622803,-21.84836256,-6.284397594
3.1,0.39,0.058477966,0.090815498,2.237695106,2.244827637,2.230617354,2.239491128,2.235905342,-12.15011727,-1.974214804
6.1,0.9,0.073906556,0.012590768,0.075212118,0.077019504,0.073454848,0.075236685,0.075187528,-2.411596615,-0.195210485
7.7,0.33,0.084808025,0.023671976,3.949849845,3.960791279,3.939126359,3.957880345,3.941874373,-12.77291866,-33.80784905
6,0.52,0.075795326,0.0671668,1.164289576,1.175431882,1.153291895,1.167999274,1.160609937,-14.60511361,-5.500736188
3.5,0.74,0.017838811,0.080443337,1.192812983,1.196338235,1.189302519,1.193299331,1.192330582,-19.72024929,-0.602131283
2.8,0.26,0.069491875,0.08888812,2.837636258,2.843065901,2.832252312,2.839160468,2.836125523,-7.780470017,-1.707171327
1.2,0.48,0.080084457,0.062925648,0.939509798,0.941039625,0.937985135,0.93962325,0.939396481,-1.907042958,-0.180188053
9,0.08,0.06058049,0.035136859,12.64909119,12.65251661,12.64694532,12.65219251,12.64644613,-4.598254332,-8.177139571
7.6,0.85,0.016691767,0.098803951,0.70956102,0.716237673,0.702967127,0.710800737,0.708330065,-39.75177137,-1.250290085
8.8,0.53,0.053794926,0.032555967,1.405958998,1.420489175,1.39173825,1.41071394,1.401275661,-26.72271087,-14.49546701
3.2,0.64,0.066522129,0.026743281,1.034381533,1.040449141,1.028363421,1.034850589,1.033913307,-9.083984726,-1.752369105
2.5,0.35,0.050240895,0.086815808,2.288490996,2.293094554,2.283909952,2.289528752,2.287457075,-9.140563597,-1.193145039
4.2,0.29,0.022170757,0.025028193,4.518909365,4.525291018,4.51255341,4.520114587,4.517703436,-28.72614632,-4.816869908
7.3,0.85,0.066753652,0.012971264,0.119628762,0.1224887,0.116816977,0.119705889,0.119553004,-4.248249227,-0.58932191
9,0.51,0.099828447,0.026183853,0.899246879,0.909274084,0.889460553,0.90320862,0.895322774,-9.923790049,-15.05860485
5,0.65,0.052559697,0.075905989,0.95049894,0.959454933,0.941664373,0.952470432,0.948546929,-16.92414626,-2.584448899
4.7,0.28,0.03679375,0.048980509,4.412177911,4.421994269,4.402437539,4.415018633,4.409351981,-26.5761579,-5.784598905
2.4,0.59,0.02683961,0.068172268,1.427606493,1.43043099,1.424793453,1.427956285,1.427257498,-10.50227077,-0.512515587
4.5,0.22,0.041187452,0.042660007,4.923664143,4.931608071,4.915794062,4.926109187,4.921241463,-19.1976056,-5.705254585
4.3,0.4,0.099021029,0.051741583,2.066877453,2.076434678,2.057440225,2.070250067,2.063522103,-9.591120826,-6.501505774
2.3,0.16,0.018483781,0.076652787,3.327936898,3.329179258,3.32669858,3.328159522,3.327715881,-6.710418183,-0.289383475
6.9,0.36,0.031102645,0.043809022,4.395818124,4.412993955,4.378818151,4.401204695,4.390469047,-54.94034981,-12.25278196
9.2,0.18,0.072285982,0.04714797,8.462455304,8.469553079,8.45483172,8.468750849,8.455364757,-10.18272051,-14.19583082
5.1,0.38,0.050635557,0.078544105,2.894993245,2.907983543,2.882144645,2.899038999,2.890979614,-25.51457852,-5.130483704
4,0.71,0.048688191,0.038357984,0.916659853,0.923176026,0.910203116,0.917333955,0.915987382,-13.32243991,-1.755270841
9.5,0.46,0.057557339,0.07200376,1.420636433,1.436259656,1.405678802,1.426791102,1.41481347,-26.5655556,-8.317365683
7.9,0.42,0.012467964,0.016670015,5.778944135,5.795335959,5.762663433,5.78226205,5.775615324,-131.0259112,-19.93617232
7.2,0.6,0.091814861,0.074610865,0.399811895,0.406376635,0.393402964,0.40188054,0.397768998,-7.065125896,-2.755323922
6.6,0.78,0.084000552,0.037561532,0.164309754,0.167896283,0.160781309,0.164648997,0.163970766,-4.23507573,-0.902826582
1.9,0.61,0.035360314,0.036818178,1.101227764,1.103227189,1.099236153,1.101347749,1.101107948,-5.643383139,-0.325655714
5.2,0.92,0.019388781,0.020214302,0.388419165,0.390852911,0.385996781,0.388477301,0.388361061,-12.52304104,-0.287519199
1.3,0.07,0.044038161,0.087643004,2.132236553,2.132558907,2.131917006,2.132282439,2.132190207,-0.728800877,-0.052618005
2.1,0.87,0.049071765,0.040186841,0.319552635,0.320882383,0.318229333,0.319584494,0.319520779,-2.703234729,-0.079273461
8.6,0.13,0.055201388,0.053638817,10.03809727,10.04501203,10.03156394,10.04218234,10.03443565,-12.18093472,-7.221160405
8.9,0.66,0.020194675,0.073676085,1.549305208,1.565103263,1.533681676,1.55293559,1.545723934,-77.79671197,-4.894163446
9.6,0.05,0.035179666,0.027804057,15.02127404,15.02440983,15.01766108,15.02273428,15.0189969,-9.591833585,-6.720925546
5.4,0.3,0.068797283,0.065161476,3.618068245,3.629857011,3.606420419,3.62304611,3.613113029,-17.03307956,-7.62189688
4.4,0.49,0.093013433,0.050208338,1.432950649,1.442582874,1.423431572,1.435552326,1.430363698,-10.29491187,-5.167097962
2,0.81,0.045936288,0.01597527,0.48046827,0.482079282,0.478865027,0.480490222,0.480446322,-3.498601138,-0.137399866
5.8,0.58,0.015243526,0.032495016,2.897920465,2.90835106,2.887568986,2.899754278,2.896118085,-68.16688658,-5.595001035
2.2,0.42,0.021153488,0.021872646,2.085932757,2.08784649,2.084023275,2.086058607,2.085807184,-9.036842804,-0.574743003
4.7,0.88,0.038701866,0.030486947,0.353357554,0.356796934,0.34994538,0.353498828,0.353216438,-8.851710129,-0.463132628
5.4,0.78,0.081174436,0.070775158,0.23045857,0.234555562,0.226446855,0.231021441,0.229900255,-4.994618645,-0.792075947
7.4,0.44,0.054497465,0.099692409,1.891303967,1.907521348,1.875333907,1.896359679,1.88633117,-29.53113601,-5.029725475
7.8,0.73,0.027794989,0.072182556,0.87628093,0.886605801,0.866106184,0.878601294,0.873963838,-36.87646245,-3.212310743
10,0.11,0.087335302,0.093558041,12.16667867,12.15591294,12.15071511,12.155684,12.15237661,-2.975789799,-1.767560527
3.6,0.27,0.089248432,0.077519031,3.062613965,3.070128587,3.055177402,3.065445075,3.05981005,-8.376161171,-3.634607477
4.1,0.44,0.034258434,0.066275596,2.686164477,2.695388546,2.67699146,2.688314104,2.683989504,-26.85044783,-3.262588527
2.9,0.45,0.024319874,0.018899529,2.408586461,2.412310385,2.404871705,2.40887217,2.408301122,-15.29341833,-1.510746674
8,0.72,0.024522279,0.056136742,1.101899237,1.113539117,1.090451554,1.104391528,1.099425733,-47.0746692,-4.422945454
6.3,0.07,0.082410975,0.017588568,9.46519316,9.467094837,9.463427865,9.467387851,9.463090963,-2.224808035,-12.2150025
8.4,0.82,0.060369312,0.106647136,0.09622983,0.098650909,0.113147698,0.096661684,0.095810767,-3.9844,-0.4627
8.3,0.24,0.014147775,0.075485636,8.360683764,8.37909248,8.342346459,8.363739827,8.357551497,-129.8650172,-4.099011649
7,0.37,0.063778663,0.048296904,3.024346701,3.039187007,3.009736052,3.031097561,3.017676089,-23.08840738,-13.89475405
9.5,0.93,0.083210875,0.084336666,0.008847216,0.001270907,0.001301266,-0.000354632,-0.000135946,-3.08E-01,-1.68E-02
9.7,0.63,0.085852029,0.02913508,0.281693953,0.287714385,0.275874319,0.283226648,0.280412215,-6.895623894,-4.829973053
7.3,0.93,0.075528982,0.044261775,0.021456916,0.0222284,0.020731714,0.021480675,0.021428537,-0.99080245,-0.058897322
8.7,0.8,0.010357709,0.035547986,1.547899914,1.557764076,1.53810233,1.549364372,1.546441814,-94.91358868,-4.110722277
6.1,0.56,0.043090191,0.05816321,1.616559625,1.629632892,1.603636468,1.619984036,1.613162611,-30.1651299,-5.864037597
5.7,0.22,0.076817501,0.061792716,4.977316861,4.986538155,4.968241417,4.982350519,4.972340486,-11.90922493,-8.099686805
1,0.09,0.061790715,0.054876014,1.606122439,1.60642925,1.605813995,1.606150494,1.606094421,-0.497853923,-0.051090628
8.5,0.17,0.032671057,0.05131857,9.109341775,9.122718745,9.096016527,9.113998699,9.104776507,-40.86525013,-8.985238753
5,0.1,0.088090884,0.019765649,7.014827332,7.017554988,7.012210225,7.016801062,7.012861557,-3.033664065,-9.965533912
1.5,0.13,0.025864947,0.03372122,2.300015834,2.300507128,2.299525733,2.300059367,2.299971278,-1.897152519,-0.130613603
1.3,0.32,0.091984984,0.014440816,1.387991848,1.389616096,1.386374187,1.388041697,1.387942024,-1.762194695,-0.345108625
2.6,0.2,0.047274907,0.021464745,3.33059072,3.333516719,3.327681278,3.330956789,3.33022512,-6.171816502,-1.704350582
5.5,0.3,0.073897299,0.045228873,3.747202572,3.758219209,3.736377883,3.752355347,3.742095029,-14.77816251,-11.34266389
1.8,0.74,0.052274801,0.010544989,0.620781798,0.622586831,0.618983879,0.620802151,0.620761449,-3.446165194,-0.192992141
6.5,0.55,0.077850404,0.028389866,1.139810159,1.151050516,1.128726246,1.142460655,1.137174575,-14.3379282,-9.309800968
7.5,0.77,0.096677846,0.038991179,0.091313757,0.093741029,0.088954381,0.091558795,0.091062592,-2.475566107,-0.636301612
8.3,0.94,0.056530534,0.0977348,0.023663443,0.024503143,0.022908152,0.023765558,0.023615827,-1.410734057,-0.076600658
4,0.76,0.088634527,0.015137039,0.407376789,0.412406585,0.402414346,0.407543759,0.407209985,-5.636764411,-1.102507529
2.6,0.67,0.011578044,0.04179481,1.371627622,1.373149761,1.370108817,1.371745889,1.371509535,-13.13237324,-0.282755203
9.3,0.68,0.038973523,0.095660343,0.500638261,0.509288067,0.492205651,0.50297113,0.498221392,-21.91541155,-2.482605562
8.1,0.25,0.037579804,0.079562034,6.153822353,6.171735536,6.136158396,6.15886188,6.148879992,-47.33545194,-6.273022139
6.8,0.84,0.028655419,0.081533299,0.484525942,0.490364008,0.478785119,0.485458138,0.483598652,-20.20366398,-1.140323043
9.7,0.79,0.090795861,0.040800077,0.044454747,0.0351369,0.032349754,0.033685373,0.034585986,-1.3196,-3.02E-01
4.8,0.57,0.096232187,0.082768602,0.800860909,0.809251139,0.792597697,0.803246855,0.798487168,-8.65274008,-2.87529745
5.6,0.47,0.012965502,0.060048234,3.900768912,3.911388789,3.890202266,3.903110727,3.898448639,-81.70344032,-3.881952633
6.5,0.62,0.078832884,0.055096357,0.589439524,0.5976427,0.581381961,0.591504285,0.587392763,-10.31342389,-3.731210373
1.7,0.7,0.032209239,0.057154089,0.770389396,0.771703631,0.769078934,0.770467518,0.770311333,-4.074447399,-0.136635019
1.9,0.12,0.046378647,0.089652554,2.85076818,2.852085628,2.84945317,2.851068447,2.85046652,-2.838006452,-0.335699862
1.4,0.91,0.0950866,0.011695876,0.138652414,0.139317299,0.137991364,0.138654274,0.138650553,-0.69722495,-0.015907316
1.6,0.15,0.044370623,0.064731112,2.332521425,2.333535982,2.331510642,2.33268419,2.33235961,-2.282298376,-0.250714062
3.7,0.59,0.097389043,0.059118936,0.888537994,0.895951235,0.881218996,0.889927146,0.887161317,-7.563601867,-2.339207367
3.3,0.67,0.071408037,0.052514973,0.822339537,0.828298075,0.816439888,0.823058193,0.821622947,-8.303117929,-1.366511213
6.4,0.54,0.094215303,0.094572946,0.656886322,0.665377401,0.64854794,0.659981359,0.653832026,-8.931384028,-3.251105759
4.6,0.89,0.029370581,0.08567961,0.388576038,0.391647006,0.385533192,0.388862153,0.388290639,-10.40805766,-0.333518091
6.7,0.53,0.064709208,0.031311166,1.457275419,1.470129935,1.444697463,1.460676583,1.453894576,-19.65135463,-10.83001344
2.9,0.34,0.065328777,0.083717311,2.410669175,2.416994205,2.404381747,2.41228478,2.40904857,-9.653064546,-1.932820092
7,0.19,0.030213419,0.069742238,7.416812797,7.430208684,7.403566075,7.420708426,7.413042167,-44.09068881,-5.496137779
3.8,0.15,0.068178624,0.060461637,4.768599548,4.773714652,4.763544467,4.770642583,4.766574731,-7.458485078,-3.363994237
5.3,0.34,0.080871269,0.063687523,2.887178897,2.898770332,2.875780316,2.892293921,2.882131025,-14.21395766,-7.978718196
3,0.88,0.062917136,0.069109178,0.255388128,0.257596927,0.253201548,0.255498904,0.255277444,-3.492990374,-0.160224739

